0.26138262504064136,0.20719057450405254,5.448,0.2922249129227348,0.7496677275345673,5.316,0.4791080554557664,0.890985158986972,5.26,0.604042709246773,0.7450445405423313,5.298,0.39189934856309094,0.47262156392261157,5.306,0.23121577505485713,0.9377225080499223,5.385,0.11577242423477652,0.326305612479981,5.275,0.9206241540571384,0.8817434032068587,5.515,0.38491158510160417,0.5641367121673867,5.245,0.14674896970021034,0.19154232808662153,5.327
0.30256102067303403,0.32617861802762327,5.314,0.3337237366149292,0.6665994857349472,5.494,0.40366635735314105,0.6292131227571071,5.248,0.4490635223101318,0.6170985526713952,5.268,0.38638016692293514,0.5449034505051367,5.323,0.29780672334073904,0.7758610206978115,5.233,0.37437050227995755,0.5548218383627206,5.307,0.40200106420707915,0.5742685127351062,5.317,0.38491158510160417,0.5641367121673867,5.235,0.1881074242860469,0.25624571525328715,5.356
0.3828178087702965,0.5580865893927567,5.222,0.37466181303208257,0.5846536923829526,5.267,0.33625879589103475,0.3953184058431026,5.358,0.3024084162071111,0.49602466657378,5.314,0.3839672305831392,0.5765044381542871,5.329,0.42614878261515143,0.46390215633676124,5.341,0.5372016885415034,0.6987114156626599,5.387,-0.04252337647233956,0.31072431968840364,5.515,0.38491158510160417,0.5641367121673867,5.36,0.22340739803166104,0.3114708896730727,5.209
0.45220979416000956,0.7585999034967914,5.285,0.41886243147046676,0.4961772650180234,5.408,0.37142830539235255,0.5173516360978333,5.199,0.21878257609075638,0.42698577859975695,5.192,0.3864285654045066,0.5442696004556538,5.179,0.5206125696994957,0.2342906329696021,5.632,0.356802395883402,0.5392973712050572,5.369,0.347575972661367,0.542001632626141,5.355,0.38491158510160417,0.5641367121673867,5.216,0.41056749653503644,0.6042741976516615,5.329
0.4665718408288248,0.8001001078605633,5.306,0.43554344915275645,0.4627868532662607,5.356,0.40219653532360944,0.6241130479278981,5.482,0.23419346394921473,0.43970852744102407,5.366,0.38769416707011356,0.5276946656163157,5.427,0.4101234678015545,0.5028546169606708,5.543,0.19045522257352,0.39230080990658245,5.15,0.6930595602191174,0.746827700580075,5.279,0.38491158510160417,0.5641367121673867,5.263,0.5296061382811676,0.7905046407817005,5.378
0.43731646805735896,0.7155645276085942,5.29,0.38361135718110717,0.5667393798501041,5.393,0.419072508706844,0.6826702918261048,5.425,0.33545938356734645,0.523310515419562,5.283,0.3866375278802106,0.5415329262612506,5.282,0.3272690038992266,0.7042475555837696,5.237,0.056392345325513876,0.27383302015625477,5.325,0.9630852415223201,0.9069172114563966,5.537,0.38491158510160417,0.5641367121673867,5.228,0.2603609737514894,0.36928304781429044,5.183
0.36386356726029134,0.5033168957436281,5.33,0.33821986562471434,0.6575995792673004,5.279,0.38457062062183,0.5629536135840126,5.373,0.4340618470019227,0.60471363696131,5.328,0.38485473751707167,0.5648812157778085,5.33,0.2814449781783702,0.8156312368582367,5.182,0.2505777681064246,0.4454295001872663,5.464,0.7657097658374056,0.7898996625740766,5.431,0.38491158510160417,0.5641367121673867,5.349,0.04842610816282822,0.03772076388421225,5.445
0.3168652762543722,0.3675118307365141,5.389,0.3180229213376107,0.6980278252363578,5.364,0.3542623357653456,0.45778814619588387,5.326,0.5118738081003399,0.6689527675678084,5.262,0.38482210945856066,0.565308528698177,5.236,0.3306913719242465,0.6959288637336721,5.107,0.5075673623818042,0.6725243518538971,5.404,0.5033532293784257,0.6343569401403428,5.286,0.38491158510160417,0.5641367121673867,5.377,-0.09234595808568144,-0.18251061555055167,9.886
0.29490697805457916,0.3040616913667033,5.328,0.3460484371719666,0.6419291188451874,5.192,0.3325361613320533,0.38240138974785737,5.279,0.5748051725468767,0.7209069412303003,5.365,0.3848672882535057,0.5647168452303972,5.408,0.4207324153946902,0.47706762817514536,5.447,0.6025724911666346,0.7564778507875587,5.194,0.25770783630981065,0.4887217152403105,5.366,0.38491158510160417,0.5641367121673867,5.317,0.14062313170863586,0.18195873819530958,5.338
0.3398336863167086,0.4338807636245802,5.358,0.39758510016313947,0.5387681228938368,5.285,0.3519808630483058,0.44987175812717983,5.369,0.4815617755132402,0.643928097930601,5.422,0.38488272507021853,0.5645146771722357,5.259,0.3957575943533965,0.5377735016332298,5.293,0.5916062724168641,0.7467872956997353,5.297,0.1584393668420842,0.4298686437626942,5.362,0.38491158510160417,0.5641367121673867,5.281,0.5272517970499659,0.7868213829392506,5.268
0.42084318759086503,0.6679637558198737,5.266,0.4363264113975743,0.46121959686509345,5.227,0.38679911638637576,0.5706861791105897,5.274,0.39419839394287726,0.5718036121870067,5.396,0.38491800784383134,0.5640525968119806,5.308,0.37160935340845613,0.5964702208855952,5.331,0.5546227805684233,0.7141059701421101,5.369,0.12972405076400653,0.4128442596988813,5.513,0.38491158510160417,0.5641367121673867,5.27,0.8305519382842608,1.2613204101032751,5.283
0.4735961537334235,0.8203973835746778,5.261,0.42370171791789785,0.4864904599236313,5.473,0.41493061528715863,0.6682985067047891,5.175,0.41789887148427407,0.5913699879822716,5.379,0.38492495555094725,0.563961606261116,5.349,0.3553231673538525,0.6360567768056923,5.382,0.5359621826520379,0.6976160973603692,5.201,0.1291029495608816,0.4124760288427156,5.375,0.38491158510160417,0.5641367121673867,5.379,0.8516528736562559,1.2943318464498486,5.416
0.4548467581081856,0.7662196073783296,5.294,0.4114652458131066,0.5109842198218496,5.45,0.4378032416707904,0.7476632894834506,5.326,0.4472350006674331,0.6155889821765254,5.311,0.38491753972779685,0.5640587274871999,5.362,0.35603005332549514,0.6343385610766232,5.198,0.5014206418984172,0.6670926588690237,5.403,0.35978612572790647,0.5492406382744681,5.222,0.38491158510160417,0.5641367121673867,5.397,0.5194474372384261,0.7746118233816996,5.434
0.3948460130912045,0.5928429823329604,5.371,0.41727941305568717,0.49934599474943736,5.379,0.43393441015661,0.7342389906040749,5.308,0.45514421162807095,0.6221185803092874,5.343,0.38488634431489105,0.564467277784067,5.327,0.3742350149871357,0.5900880698673542,5.276,0.48875074129367907,0.655896605555749,5.158,0.565503409851887,0.6712037761333217,5.557,0.38491158510160417,0.5641367121673867,5.336,0.5016219040971452,0.746724602163151,5.486
0.3435360088394518,0.44457890051673055,5.24,0.4021379025972706,0.5296547731692893,5.308,0.40985572820594884,0.6506893653639116,5.275,0.44284991813649394,0.6119687946700187,5.355,0.3848652236358347,0.5647438844673824,5.135,0.3908524872763451,0.5496962621217033,5.281,0.3753286411080334,0.5556685200956967,5.314,0.4900123167915423,0.6264475436697168,5.336,0.38491158510160417,0.5641367121673867,5.258,0.700832580672597,1.0583804815539875,5.335
0.3139611421072623,0.3591201186508987,5.325,0.37412190868088785,0.5857344195266029,5.385,0.3824015807880942,0.5554273517391598,5.211,0.46565731849228564,0.6307978737674764,5.201,0.3848549825805557,0.5648780063072533,5.266,0.4045930116787207,0.5162974027569385,5.48,0.3531400596478982,0.536061062332318,5.298,0.392630049423145,0.5687127405362009,5.375,0.38491158510160417,0.5641367121673867,5.147,0.8376380362093558,1.2724062821973778,5.391
0.3201033103769531,0.3768683716893962,5.333,0.374801127924364,0.5843748256072542,5.277,0.3607418610318601,0.4802711836337612,5.351,0.47521281699981094,0.6386865956036827,5.242,0.3848605630075837,0.5648049223212899,5.313,0.3953327779675426,0.5388060956093758,5.342,0.4624154458247498,0.6326248071976226,5.261,0.3048000395526282,0.516641162556752,5.352,0.38491158510160417,0.5641367121673867,5.183,0.8618747400495474,1.3103234831160206,5.388
0.3604946496102584,0.4935821570824135,5.173,0.3778585717503518,0.5782547368811325,5.277,0.35595078605975694,0.46364683022284897,5.276,0.46647591397111327,0.63147368068888,5.396,0.3848812277510318,0.5645342867924095,5.41,0.3813086728381136,0.5728942498324779,5.281,0.5413814504118923,0.7024049597714562,5.346,0.272780660649312,0.49765790628847223,5.274,0.38491158510160417,0.5641367121673867,5.289,0.8265829008860428,1.2551110348732872,5.236
0.4071266163227456,0.628328700738678,5.321,0.3854679316437225,0.5630230726717748,5.396,0.37925143159603736,0.5444967790032328,5.334,0.4286481368986018,0.6002442465811718,5.198,0.3849089475585208,0.5641712547141705,5.418,0.3708819581248111,0.5982382882511212,5.263,0.4701712522038656,0.6394784064812304,5.368,0.2489937615191134,0.48355542155946596,5.326,0.38491158510160417,0.5641367121673867,5.364,0.7708110442133551,1.1678585475298047,5.27
0.4350395035594395,0.7089850689721109,5.299,0.3901140447830342,0.5537229428043026,5.473,0.4037448985501591,0.6294856496167675,5.25,0.3853188053149654,0.5644729004873112,5.287,0.38492120125548746,0.564010774340066,5.405,0.3694013477283063,0.6018371828026511,5.209,0.39084347694276944,0.569378566809674,5.222,0.2303172628524641,0.47248272831785937,5.336,0.38491158510160417,0.5641367121673867,5.319,0.5387836136551155,0.8048623760568582,5.312
0.4109532976829402,0.6393861817610685,5.405,0.3900550163379671,0.5538411001088146,5.283,0.4182610531785124,0.6798546557613865,5.36,0.34827783305949567,0.5338930279211744,5.262,0.3849052523477973,0.5642196489906817,5.271,0.3803562470048467,0.5752092951341804,5.294,0.3190421580205635,0.5059296559069459,5.236,0.36765527749382754,0.5539060043653449,5.325,0.38491158510160417,0.5641367121673867,5.208,0.26532612292419344,0.3770507937922005,5.297
0.37772258397200376,0.5433635575516447,5.242,0.38727085570443986,0.5594141575629303,5.436,0.39377509174792513,0.5948918282543566,5.372,0.3299561692710673,0.5187672331665022,5.337,0.3848922315796623,0.5643901753018111,5.151,0.3939714600449936,0.5421150279699258,5.349,0.2711529714273589,0.4636112587108097,5.394,0.49169009599877506,0.6274422448083198,5.242,0.38491158510160417,0.5641367121673867,5.356,0.11880259817200861,0.14782152383993793,5.406
0.3553977580685084,0.4788543090618462,5.255,0.38602241444638036,0.5619131638255251,5.253,0.3689792471611204,0.5088537499664386,5.474,0.341395018968608,0.528210791063456,5.406,0.38489349570349785,0.5643736197213528,5.271,0.39822379682967,0.5317789451477543,5.305,0.3539827959123075,0.5368057658970664,5.28,0.5659946621975053,0.671495023792979,5.545,0.38491158510160417,0.5641367121673867,5.484,0.14482912207327342,0.18853881536955702,5.314
0.364287834403122,0.5045428472767433,5.274,0.3847174938858779,0.5645252247709901,5.374,0.3870755758427067,0.5716454543739897,5.488,0.3645989959937675,0.5473672715025505,5.247,0.3848975682297135,0.5643202839376776,5.364,0.39218635680381086,0.5464540481090364,5.214,0.44279316350848064,0.615285119555644,5.276,0.4108565382126918,0.5795186374465577,5.333,0.38491158510160417,0.5641367121673867,5.31,0.3407524456860026,0.4950517832655,5.344
0.38669519659430446,0.5692905905218801,5.344,0.38449942420469546,0.5649617350957161,5.287,0.4056915825556302,0.6362403681454395,5.27,0.38492171406320064,0.5641450743224812,5.286,0.38490973699318975,0.5641609158938651,5.269,0.3856861459866352,0.5622540001753955,5.262,0.4659280073991366,0.6357287641961714,5.193,0.2750653430912312,0.4990124207660187,5.363,0.38491158510160417,0.5641367121673867,5.257,0.4855587190299909,0.7215944929040441,5.499
0.4056911959287194,0.6241809465171739,5.277,0.3844757986752452,0.5650090263444412,5.533,0.4131217847073481,0.6620221200912779,5.414,0.40219179960406454,0.5784027188411915,5.439,0.3849217773043409,0.5640032301241646,5.286,0.38015069408227176,0.5757089291330043,5.219,0.4252518870753462,0.5997843613212175,5.276,0.2533193624538231,0.48611993073704407,5.316,0.38491158510160417,0.5641367121673867,5.19,0.29907648262611425,0.42985166879287007,5.397
0.4018160830551205,0.6129835190268274,5.39,0.38453272551021045,0.5648950758352205,5.294,0.4059056275618942,0.6369830740831867,5.219,0.40743052440842975,0.5827276468107291,5.255,0.3849239093319961,0.5639753080532472,5.397,0.37834072176589956,0.5801083981109264,5.424,0.41101507555917427,0.5872036706182064,5.145,0.2380552749555952,0.4770703459354384,5.149,0.38491158510160417,0.5641367121673867,5.365,0.20003503217142904,0.2749059055023773,5.325
0.39471803416297957,0.5924731776805969,5.399,0.3848427643726947,0.5642744706974183,5.295,0.3813682940888433,0.5518419928451408,5.224,0.410704456885764,0.5854305034543539,5.288,0.3849179258509281,0.5640536706309123,5.096,0.38047777416123957,0.5749139011385435,5.32,0.3875282893746385,0.5664490239573474,5.377,0.26024373868357764,0.49022516990687076,5.423,0.38491158510160417,0.5641367121673867,5.386,0.2238112324771797,0.31210266996421987,5.241
0.3812375387240982,0.553520281304539,5.308,0.3851664070534596,0.5636266347813483,5.381,0.3619981329162414,0.4846302696233881,5.294,0.39341223058256763,0.5711545802121268,5.279,0.38490776518838715,0.564186739608393,5.311,0.3843919143899921,0.5653998669426236,5.275,0.3827025193548529,0.5621846196731561,5.286,0.33127865456559463,0.5323394787526416,5.179,0.38491158510160417,0.5641367121673867,5.227,0.28096382553389415,0.4015152554478628,5.344
0.3715610983472317,0.5255594855757685,5.312,0.38512004008444606,0.5637194475950825,5.241,0.37290814070799017,0.5224864556154473,5.375,0.3779146582241103,0.5583602673485889,5.331,0.3849062276683865,0.5642068757179743,5.36,0.3878221075505414,0.5570621546684575,5.303,0.4081746333975737,0.584693647622236,5.24,0.43392313034310503,0.5931940754046053,5.246,0.38491158510160417,0.5641367121673867,5.27,0.3940386916551402,0.578415647755253,5.382
0.36477814297217626,0.505959630433509,5.24,0.38504762786954194,0.5638643952066467,5.344,0.39164965319913236,0.5875168567095476,5.345,0.37327065497766876,0.5545263229668526,5.433,0.38491541696522635,0.5640865282180629,5.467,0.388022056747726,0.5565761415497944,5.529,0.4248313143519226,0.5994127124203731,5.297,0.49376689813394753,0.6286735137617099,5.386,0.38491158510160417,0.5641367121673867,5.37,0.3885726717155953,0.5698643126545888,5.233
0.3649971847909344,0.5065925680956886,5.318,0.38489494494563825,0.5641700207861952,5.222,0.39669924142039936,0.6050382145799031,5.442,0.3861937605547779,0.5651952362713184,5.314,0.3849245995736609,0.5639662683127603,5.283,0.38532410610075973,0.5631340043789251,5.466,0.42228954278592323,0.5971666166654899,5.207,0.4469381341521168,0.6009102510801277,5.304,0.38491158510160417,0.5641367121673867,5.302,0.3803165920851797,0.5569480583565247,5.308
0.3773116841580564,0.5421762319117078,5.403,0.38477400144999513,0.564412113516695,5.231,0.381229199220329,0.5513593532986318,5.362,0.4028513022408349,0.5789471836692303,5.33,0.3849308687584972,0.5638841640196159,5.49,0.3839289242055438,0.5665252493228609,5.428,0.40215159775517856,0.5793712516332106,5.255,0.39118101797249144,0.567853656559225,5.296,0.38491158510160417,0.5641367121673867,5.378,0.37611417526879337,0.5503735718330494,5.441
0.39204509577703356,0.5847495229796695,5.25,0.3847075413377803,0.5645451467976487,5.375,0.37050937856828964,0.5141630898173136,5.351,0.4145754314857085,0.5886262594716807,5.224,0.38493236781518225,0.5638645316443188,5.292,0.38416473301480103,0.5659520728539923,5.305,0.3801234392174567,0.5599055553285869,5.28,0.3392750077484181,0.5370802584579435,5.001,0.38491158510160417,0.5641367121673867,5.387,0.3758119139296238,0.5499006979636156,5.336
0.403887106521498,0.6189678957022946,5.214,0.38471576332421015,0.5645286888382159,5.233,0.36345907854009873,0.48969954457870524,5.375,0.409898784711177,0.5847653656102652,5.363,0.38491681557333335,0.5640682113661898,5.337,0.384518867029337,0.565091285317694,5.383,0.365778223472459,0.5472290706992317,5.272,0.29925080333209486,0.513351199513256,5.278,0.38491158510160417,0.5641367121673867,5.133,0.3779388283555065,0.5532281570997551,5.304
0.41095146736679683,0.6393808929261444,5.294,0.3847453167226179,0.5644695317675686,5.347,0.3886369631805509,0.5770632478893877,5.167,0.4019214169036645,0.5781794993083645,5.408,0.3849041614375753,0.5642339360814285,5.318,0.38507876051864903,0.5637303617196439,5.354,0.36400270855798933,0.5456600955145737,5.446,0.30303729068458984,0.5155960856488071,5.217,0.38491158510160417,0.5641367121673867,5.432,0.38441630514810404,0.5633618696132313,5.35
0.40019857146693066,0.6083095987271249,5.44,0.3847671825859624,0.5644257628444559,5.338,0.4069332475092465,0.6405487701485498,5.264,0.3913884121459613,0.5694837787692927,5.28,0.384908850450847,0.5641725264834866,5.307,0.3855043886387624,0.5626957946748157,5.284,0.3682271071673683,0.549393083919348,5.368,0.3251355463112508,0.5286974281485959,5.421,0.38491158510160417,0.5641367121673867,5.191,0.3878073558147403,0.5686670113643519,5.245
0.3880318087517073,0.5731528309787202,5.253,0.3849181457060732,0.5641235797980833,5.279,0.3993092047752343,0.6140944187622517,5.281,0.3789275772921318,0.5591965017704684,5.331,0.3849367929492898,0.5638065779362283,5.352,0.3857490141405043,0.5621011876212232,5.281,0.37442735382757264,0.5548720765593645,5.399,0.36882432181028935,0.5545990930075507,5.227,0.38491158510160417,0.5641367121673867,5.364,0.388342686052125,0.5695045107331845,5.436
0.3771218197374499,0.5416276045163044,5.31,0.3850427536281891,0.5638741519810143,5.271,0.3766879893767895,0.5356019965902326,5.511,0.37461910460568404,0.5556395609645532,5.365,0.38494676291320334,0.5636760064407029,5.255,0.38569763742836854,0.5622260681230874,5.272,0.3782831802817634,0.558279367578815,5.365,0.4160768679846959,0.5826136024727725,5.371,0.38491158510160417,0.5641367121673867,5.197,0.3880419558205093,0.5690340322106235,5.294
0.36970555008207867,0.5201977405552695,5.195,0.3850208537040699,0.5639179890836181,5.397,0.361295668387057,0.48219281693066485,5.443,0.3810145019136288,0.5609194017132767,5.275,0.38493239268581114,0.5638642059264688,5.39,0.3853565907372995,0.563055044524444,5.346,0.3774152121514,0.5575123672869471,5.281,0.4297102982700263,0.5906964232452687,5.259,0.38491158510160417,0.5641367121673867,5.28,0.38604749720682596,0.5659137940595287,5.408
0.37047849144591943,0.5224312122393752,5.399,0.38494431597845624,0.5640711947345837,5.365,0.3649709414047358,0.49494549516743663,5.39,0.3894820240616792,0.5679099241664255,5.446,0.38491785328263217,0.5640546210206039,5.46,0.3847566689069642,0.5645132643313792,5.224,0.3736646312164392,0.5541980789263999,5.366,0.40504364493183187,0.5760723606420037,5.375,0.38491158510160417,0.5641367121673867,5.356,0.38389206063507214,0.5625417133468432,5.278
0.3771350186051868,0.5416657436284434,5.321,0.38488278261034714,0.5641943661463504,5.448,0.38834291124649933,0.5760429292132452,5.372,0.38616618201386066,0.5651724682872333,5.298,0.3849064678432304,0.5642037302714281,5.328,0.38431788099564573,0.5655798186572497,5.347,0.37427367140425655,0.5547362714999218,5.385,0.3807514322875467,0.5616702918404054,5.327,0.38491158510160417,0.5641367121673867,5.336,0.3830445227007004,0.5612157794923207,5.256
0.38314868442212324,0.5590426792514273,5.442,0.3849414962989295,0.564076838890246,5.272,0.40742506038241877,0.642255291349587,5.352,0.3803659441109443,0.5603839725992383,5.42,0.38490935564993606,0.5641659101505518,5.261,0.38416503602406205,0.5659513363345263,5.234,0.36924801990493983,0.5502952372822385,5.446,0.3602483334030916,0.549514666286495,5.347,0.38491158510160417,0.5641367121673867,5.164,0.38268619245027546,0.5606551884074036,5.189
0.3891999660195309,0.576528308475877,5.339,0.38496389943434806,0.5640319945090215,5.275,0.4119124961993521,0.6578260597812773,5.179,0.37748212024347877,0.5580031774688605,5.437,0.3849133334667456,0.5641138147273139,5.31,0.3840666647397315,0.5661904457451044,5.394,0.364936462571887,0.5464852290374976,5.276,0.3527592118779268,0.5450746078591978,5.392,0.38491158510160417,0.5641367121673867,5.307,0.3824763558715203,0.560326908796067,5.346
0.3911733813954349,0.5822306392984367,5.315,0.38494687109088677,0.5640660801631736,5.226,0.3914811606415449,0.5869322113343965,5.425,0.38205960801045985,0.5617822087432532,5.404,0.3849141813797077,0.5641027100468463,5.181,0.3847931371089308,0.5644246216920518,5.284,0.3690885985757759,0.5501543609047297,5.45,0.37473009970075954,0.5581004380991236,5.273,0.38491158510160417,0.5641367121673867,5.401,0.3835306972019841,0.561976376988096,5.309
0.38986300004726926,0.5784441947200726,5.321,0.3849288171614366,0.5641022187339467,5.259,0.37704538075895566,0.5368420942045964,5.134,0.38709718317062863,0.5659410738339922,5.382,0.38491341321256245,0.5641127703373184,5.355,0.38552312238940617,0.562650258865206,5.286,0.37203761739200014,0.5527603301951239,5.464,0.3968200189472518,0.571196838228182,5.271,0.38491158510160417,0.5641367121673867,5.314,0.38458120524245887,0.5636198481754311,5.224
0.384867472125529,0.5640092444349368,5.301,0.3849121491222388,0.5641355831666516,5.28,0.3665769273011691,0.5005180393815647,5.372,0.38826118733931475,0.5669020394074489,5.22,0.38491276494376747,0.5641212603806922,5.265,0.3861280298893278,0.5611799204758591,5.38,0.3734565812319052,0.5540142307028553,5.361,0.40910819199211224,0.5784820994034195,5.214,0.38491158510160417,0.5641367121673867,5.355,0.385748006028763,0.5654452539788787,5.373
0.38062990311233996,0.5517644729125895,5.473,0.3848977969308414,0.5641643119642241,5.318,0.3736782619393704,0.5251586675082395,5.181,0.38876499365732836,0.5673179662059307,5.245,0.38491201368772754,0.5641310991951053,5.386,0.3861483114297906,0.5611306224798159,5.356,0.3734912140550573,0.5540448348051681,5.358,0.3992880565258846,0.5726600580481667,5.413,0.38491158510160417,0.5641367121673867,5.28,0.3858512955999509,0.5656068457303542,5.328
0.37882177965257596,0.5465397654021992,5.393,0.38490475748682984,0.564150379011517,5.296,0.38316233254465115,0.558067052877759,5.23,0.3888374206811735,0.5673777597001255,5.327,0.3849113119226519,0.5641402898517851,5.308,0.38521726186174327,0.5633937088565963,5.423,0.37798203631095895,0.5580132546820148,5.261,0.379318667777164,0.5608208520072713,5.374,0.38491158510160417,0.5641367121673867,5.332,0.38544033154812574,0.564963911500265,5.414
0.38061047652899005,0.5517083383519868,5.251,0.3849138781656849,0.5641321221384515,5.392,0.3925990135048309,0.5908110028725948,5.293,0.3881187693033091,0.5667844635144044,5.334,0.38491101764041735,0.5641441439150296,5.372,0.3842963660395986,0.5656321146956113,5.316,0.38323983802278333,0.5626594338520549,5.333,0.36447068428248786,0.5520179618388604,5.244,0.38491158510160417,0.5641367121673867,5.271,0.38393272739501355,0.5626053346097664,5.367
0.3853950625544184,0.5655337563046011,5.36,0.3849156976946089,0.5641284799853693,5.175,0.3914872731042424,0.586953420716568,5.414,0.38452754827808755,0.5638196633317664,5.3,0.38491189402992165,0.5641326662919184,5.298,0.3835543498937112,0.5674357207427422,5.282,0.38593262070239404,0.5650389741012269,5.209,0.36228622536803823,0.5507228666558546,5.378,0.38491158510160417,0.5641367121673867,5.256,0.3826725907228484,0.5606339091346487,5.365
0.3892056023979096,0.5765445952113252,5.295,0.38491595262015704,0.5641279697006145,5.227,0.37815969205177224,0.5407085969935146,5.317,0.38326816929980706,0.5627799592872106,5.276,0.3849124696436711,0.5641251277743506,5.299,0.38321289613084364,0.5682656866066076,5.216,0.3878402869353131,0.5667247278820978,5.445,0.36990691766547185,0.5552409291473448,5.356,0.38491158510160417,0.5641367121673867,5.249,0.38383105525918226,0.5624462732610136,5.206
0.3914655515484813,0.5830748867333617,5.282,0.38491556327539145,0.5641287490524673,5.372,0.37201305156072517,0.5193806227063299,5.548,0.38306206749851246,0.5626098080618116,5.338,0.384912233111839,0.5641282255102422,5.29,0.3841715863303569,0.5659354146162328,5.295,0.38821326931811084,0.5670543224679586,5.39,0.38979160320681916,0.5670299173905382,5.254,0.38491158510160417,0.5641367121673867,5.474,0.38564135597781807,0.5652784049124245,5.269
0.39142470418177916,0.5829568552226062,5.348,0.38491449839543607,0.5641308806238651,5.193,0.38433242302292553,0.5621271015613717,5.343,0.3832864591883098,0.5627950588492795,5.242,0.38491191258105256,0.5641324233372863,5.497,0.3853400301367943,0.5630952980949099,5.327,0.3853504128405574,0.5645244925386729,5.409,0.4018999581448572,0.574208570214196,5.231,0.38491158510160417,0.5641367121673867,5.326,0.38648989949105744,0.5666059119485238,5.421
0.3871022022546773,0.5704666637148019,5.237,0.3849125585252694,0.5641347636641473,5.343,0.39422735908697165,0.5964611320378088,5.122,0.3847062730409439,0.5639672129272485,5.306,0.38491173307235754,0.5641347742704459,5.276,0.3859099925321841,0.5617099001778162,5.338,0.38289493895640153,0.562354655744051,5.452,0.4115235457534359,0.5799140846885873,5.378,0.38491158510160417,0.5641367121673867,5.327,0.3853303040559179,0.5647917785833417,5.428
0.3821398652770628,0.5561276211366949,5.294,0.3849102418676265,0.5641394009203421,5.32,0.3970324759109629,0.6061944911925822,5.287,0.3854188985911772,0.564555534377431,5.315,0.3849114941119847,0.5641379038116882,5.281,0.3858576976263272,0.5618370125175685,5.181,0.3812067281269074,0.5608628288512657,5.339,0.41736473447294176,0.5833771369454278,5.296,0.38491158510160417,0.5641367121673867,5.372,0.38442401337267196,0.5633739287736516,5.297
0.3786967828017416,0.5461785776847329,5.282,0.3849102228566437,0.5641394389746476,5.296,0.3962964117355716,0.6036404524734916,5.317,0.3841767747005028,0.5635300755955663,5.263,0.38491136065272324,0.5641396516590741,5.216,0.3849096886000542,0.5641413219615036,5.298,0.38334452422953247,0.5627519422614333,5.277,0.3931389075427631,0.569014426091004,5.377,0.38491158510160417,0.5641367121673867,5.363,0.3841073305325423,0.562878493133729,5.35
0.38033225951244276,0.550904409545011,5.273,0.38491111683178464,0.5641376495036081,5.337,0.3850195101734015,0.5645111969220409,5.264,0.3835157886037722,0.5629843860692061,5.259,0.3849114550100223,0.5641384159100035,5.383,0.38410487657716363,0.5660975648806561,5.288,0.38761000185273137,0.5665212310953218,5.241,0.3650455385325125,0.5523587743692371,5.338,0.38491158510160417,0.5641367121673867,5.298,0.3839405656926843,0.5626175972635333,5.324
0.3832425772425202,0.5593139895545213,5.315,0.3849120455746705,0.5641357904379347,5.449,0.3762503210635731,0.5340833493642899,5.186,0.3830528866188458,0.5626022286136179,5.217,0.38491152482941726,0.5641375015212555,5.293,0.38374005559568497,0.566984329046048,5.356,0.38880305331643705,0.567575498860306,5.296,0.34398722659412756,0.5398739809161597,5.418,0.38491158510160417,0.5641367121673867,5.278,0.3845357521720142,0.5635487389513476,5.261
0.38724402978072203,0.5708764849228088,5.294,0.38491163149118485,0.5641366193093111,5.37,0.37117815394938364,0.516483645924776,5.316,0.38361361444534253,0.5630651480359348,5.336,0.3849116389440232,0.564136007020885,5.358,0.3842445084488155,0.5657581640610386,5.34,0.3889098330895102,0.5676698572984187,5.32,0.34176535416733955,0.5385567044692773,5.347,0.38491158510160417,0.5641367121673867,5.265,0.38536553661559236,0.5648468982915686,5.284
0.3898179996121037,0.5783141626084317,5.269,0.38491010672865966,0.5641396714281633,5.28,0.37112265043645304,0.5162910565748121,5.369,0.3841271716508549,0.563489124863316,5.333,0.38491162084335784,0.5641362440760003,5.306,0.3850197329152998,0.5638738391128764,5.568,0.38783349732633027,0.5667187280856891,5.182,0.35075377853169115,0.5438856511572113,5.367,0.38491158510160417,0.5641367121673867,5.257,0.38576188935129807,0.5654669737941411,5.233
0.390218764283918,0.5794722019997244,5.203,0.3849101066040934,0.5641396716775077,5.258,0.3772841471721329,0.5376705799324186,5.341,0.38464063986902636,0.5639130282255213,5.344,0.3849115048816334,0.5641377627671333,5.321,0.3849936049393241,0.563937347940454,5.232,0.384411275161403,0.5636946016143206,5.226,0.3612227400157463,0.5500923605163983,5.239,0.38491158510160417,0.5641367121673867,5.278,0.385439595294438,0.5649627596654616,5.246
0.38952639162986497,0.5774715396079584,5.161,0.38491111116464266,0.5641376608475326,5.329,0.3886455706559046,0.577093114613054,5.38,0.3848834281755511,0.5641134666865548,5.439,0.38491148462998065,0.5641380279926255,5.408,0.38488972652857156,0.5641898434297208,5.406,0.38157919116889477,0.5611919645095009,5.289,0.3830977513597241,0.5630613486865981,5.364,0.38491158510160417,0.5641367121673867,5.198,0.38499716059658506,0.5642705910668567,5.367
0.38595180448250954,0.5671425036040949,5.485,0.38491148607445597,0.56413691039014,5.457,0.39499175735991937,0.5991134860732114,5.321,0.3833396264032293,0.5628389520453252,5.297,0.3849115659405014,0.5641369631105055,5.322,0.3848355050348252,0.5643216386939444,5.309,0.38318514411721966,0.5626111023061569,5.425,0.40178784555505886,0.5741421022783417,5.403,0.38491158510160417,0.5641367121673867,5.294,0.3848541888224516,0.5640469183462896,5.245
0.38247159130863173,0.557086168231016,5.295,0.38491073987797947,0.5641384040524617,5.379,0.38741049288799406,0.5728075692138985,5.19,0.3834956532874493,0.562967762979429,5.356,0.3849116316299359,0.5641361028097286,5.359,0.3848088775059934,0.5643863617761675,5.151,0.38653360508203205,0.5655700479718742,5.461,0.402132057845302,0.5743461746351511,5.336,0.38491158510160417,0.5641367121673867,5.337,0.38473373256387977,0.5638584701072761,5.231
0.37993502512301247,0.5497565711678062,5.319,0.38491048897707075,0.5641389062810913,5.433,0.37983597824254983,0.5465250732990579,5.375,0.3837246213825295,0.5631567919045061,5.305,0.3849116142517479,0.5641363304029292,5.314,0.384829853718852,0.5643353752517268,5.344,0.3878661416973239,0.5667475750458527,5.439,0.3934029315536409,0.5691709574052,5.363,0.38491158510160417,0.5641367121673867,5.273,0.3847489510380568,0.5638822787054604,5.197
0.3784272034658166,0.5453996080997485,5.33,0.3849101401924148,0.5641396044437271,5.326,0.3843204446694355,0.5620855383667109,5.386,0.38450765258089287,0.5638032380640754,5.227,0.3849114957460814,0.5641378824107646,5.27,0.38492507374973717,0.5641039255393933,5.387,0.3856780801269527,0.5648140433821992,5.281,0.38139914365719224,0.5620542990054096,5.406,0.38491158510160417,0.5641367121673867,5.394,0.3847680595968955,0.5639121731609741,5.339
0.38200600327205114,0.5557408168954451,5.337,0.38491076382776335,0.5641383561121524,5.493,0.39083541117130477,0.5846915518851733,5.38,0.38532093265043615,0.5644746567491922,5.376,0.38491145917662584,0.5641383613421377,5.319,0.38492833061217296,0.5640960091391689,5.333,0.38234059067148457,0.5618647929467271,5.29,0.3739277079347147,0.5576247259196844,5.293,0.38491158510160417,0.5641367121673867,5.232,0.3848680389337276,0.5640685862040751,5.209
0.3861194867472504,0.5676270340067173,5.239,0.3849116767730489,0.5641365286685531,5.285,0.38962096125413276,0.5804775822143837,5.225,0.38533945974338774,0.5644899521398632,5.207,0.38491147373965723,0.5641381706175972,5.29,0.38491650767280366,0.5641247469571524,5.376,0.38226795657110346,0.561800608129056,5.43,0.3711389116022403,0.5559713385876173,5.299,0.38491158510160417,0.5641367121673867,5.258,0.3849806488006685,0.5642447591266959,5.336
0.3895613242245298,0.5775724799440383,5.28,0.3849124276382782,0.5641350256607838,5.256,0.3849301107653364,0.5642009936037761,5.358,0.3852363937585749,0.5644048640741466,5.345,0.3849115422529922,0.5641372733336455,5.386,0.3849030979194942,0.5641573418168379,5.253,0.3848439465756929,0.5640769418056643,5.281,0.37490059654639213,0.5582015201758044,5.42,0.38491158510160417,0.5641367121673867,5.365,0.38498668043133566,0.5642541953335902,5.482
0.38961463537178437,0.5777265264777218,5.369,0.38491243340410514,0.5641350141193217,5.362,0.3840414755366324,0.5611175548804457,5.26,0.3851725118933602,0.5643521251966658,5.253,0.38491158230316014,0.5641367488171707,5.186,0.38489473219695275,0.5641776762365778,5.294,0.3869684219063445,0.5659542840048458,5.25,0.38562324907709883,0.5645586347682126,5.107,0.38491158510160417,0.5641367121673867,5.21,0.38482588548173263,0.5640026390802727,5.262
0.38850707629792014,0.5745261519788619,5.181,0.3849118740766645,0.5641361337256853,5.258,0.3849049940202139,0.5641138420459566,5.261,0.38511078203096155,0.5643011629456575,5.315,0.38491161793703565,0.5641362821386089,5.34,0.3848990191209925,0.5641672560831019,5.187,0.38842184212619246,0.5672386326967308,5.455,0.3946823157215586,0.5699294629839151,5.437,0.38491158510160417,0.5641367121673867,5.045,0.38473662589383534,0.5638629965880206,5.41
0.38590064452218437,0.5669946730853886,5.411,0.384911336934163,0.5641372089244313,5.258,0.38976043936984556,0.5809615515745377,5.314,0.38508383663917595,0.5642789176697677,5.303,0.38491160319838624,0.5641364751631286,5.335,0.3849104331949546,0.5641395120873215,5.116,0.38649618062753727,0.5655369769793843,5.283,0.39597383604113345,0.5706951636952315,5.443,0.38491158510160417,0.5641367121673867,5.334,0.3848228400904199,0.5639978747065756,5.323
0.3834672008971427,0.5599630563474883,5.271,0.38491097195312746,0.5641379395073784,5.3,0.392852445717442,0.5916903768528995,5.472,0.384977795388318,0.5641913733171079,5.402,0.38491157521116687,0.5641368416973632,5.315,0.38492099026539695,0.5641138511954457,5.219,0.3838408818478645,0.563190560253055,5.227,0.38638205573934375,0.5650085067463971,5.437,0.38491158510160417,0.5641367121673867,5.389,0.38492797595320544,0.5641623548957664,5.343
0.3818841342853632,0.5553886673745739,5.23,0.38491090185480153,0.5641380798232759,5.401,0.3885372743884663,0.5767173418619571,5.242,0.38502612450761214,0.5642312723321515,5.325,0.3849115628442994,0.5641370036598732,5.225,0.3849292077425782,0.5640938771131856,5.304,0.38248228963858893,0.5619900085454623,5.141,0.3772144120688886,0.5595733067165023,5.232,0.38491158510160417,0.5641367121673867,5.453,0.384919525539757,0.5641491346152083,5.252
0.381160141065038,0.5532966349996393,5.355,0.38491132291796093,0.5641372369806786,5.407,0.3824305381202511,0.555527829591503,5.298,0.38514688469644043,0.5643309681813847,5.293,0.38491156870410026,0.5641369269170714,5.4,0.38492175280293994,0.564111997708387,5.234,0.3835119463707411,0.5628998887431993,5.345,0.37094837156701066,0.5558583735507547,5.426,0.38491158510160417,0.5641367121673867,5.266,0.3849105396478048,0.5641350766033256,5.359
0.38079864138660996,0.5522520547334594,5.387,0.38491167724884284,0.564136527716156,5.302,0.38300254793258354,0.557512622843559,5.418,0.38518899081620395,0.5643657296819129,5.212,0.38491157801524073,0.5641368049738483,5.278,0.3849065926581271,0.5641488472149798,5.284,0.38417740648049276,0.5634879380972606,5.373,0.36820490765638325,0.5542318623484146,5.435,0.38491158510160417,0.5641367121673867,5.147,0.3849063495533745,0.5641285213946046,5.429
0.3827615320276893,0.5579239735502532,5.381,0.384911914205783,0.5641360533991837,5.304,0.388156223212806,0.5753951481061288,5.269,0.3851453262864983,0.5643296816066936,5.427,0.384911586894076,0.5641366886923042,5.269,0.38489858814709943,0.5641683036440263,5.197,0.38357709066990026,0.5629574550232512,5.268,0.382013846127032,0.5624187362591411,5.443,0.38491158510160417,0.5641367121673867,5.352,0.38491096608407044,0.5641357437431177,5.368
0.3847190725617472,0.5635804328340239,5.282,0.3849120613201714,0.5641357589201479,5.302,0.3911614488225979,0.5858228564821415,5.339,0.3850622215710178,0.5642610729429817,5.398,0.3849115943868458,0.5641365905633474,5.324,0.3848980152704578,0.5641696961255522,5.379,0.3840143338247736,0.56334383513984,5.34,0.3953672909027814,0.5703355626600465,5.35,0.38491158510160417,0.5641367121673867,5.262,0.38491577178815634,0.56414326204464,5.215
0.38651781571089633,0.5687780352377055,5.385,0.3849120223345997,0.5641358369576104,5.436,0.3862453331802152,0.5687646296074307,5.334,0.38494919725016846,0.5641677635853166,5.406,0.3849115989709164,0.5641365305281295,5.295,0.38489945768419365,0.5641661900749753,5.243,0.38502296902849087,0.5642351391734517,5.358,0.40538053870050167,0.5762720940835908,5.198,0.38491158510160417,0.5641367121673867,5.289,0.3849191749011908,0.5641485860574071,5.386
0.3873473105967156,0.5711749225389388,5.167,0.3849117930253165,0.5641362959662592,5.178,0.383811900215592,0.5603209609440906,5.293,0.3849268212994505,0.564149290697597,5.357,0.3849115982580368,0.564136539864348,5.299,0.38491216895875396,0.564135292995726,5.243,0.38538092719603256,0.564551457260921,5.244,0.40858860130395636,0.5781740508551432,5.281,0.38491158510160417,0.5641367121673867,5.299,0.3849208949766952,0.5641512770358885,5.355
0.38692115477285777,0.5699435135212176,5.184,0.38491156777960506,0.5641367468408518,5.443,0.38450284527686823,0.5627184427103045,5.288,0.38491812868819114,0.564142114348587,5.306,0.38491159443591966,0.5641365899206525,5.205,0.3849225093732297,0.5641101587258296,5.464,0.38542893301459524,0.5645938787226785,5.331,0.4096836125020717,0.5788232476510343,5.301,0.38491158510160417,0.5641367121673867,5.279,0.3849156949777382,0.5641431418782974,5.262
0.38588785440909185,0.5669577151002617,5.335,0.38491155891562734,0.5641367645838858,5.385,0.386161144281826,0.5684725060217539,5.151,0.3849734982634698,0.5641878257447238,5.299,0.3849115848663407,0.5641367152485115,5.386,0.38492107325226627,0.5641136494806716,5.324,0.3853845042368125,0.5645546181964741,5.232,0.4022369003389551,0.5744083323656565,5.309,0.38491158510160417,0.5641367121673867,5.331,0.38490875795388796,0.5641322892256909,5.226
0.38443330091973205,0.5627546743736542,5.306,0.38491160799645713,0.5641366663387339,5.281,0.3863863266358198,0.5692538569829665,5.385,0.38516825901561147,0.5643486141533082,5.268,0.38491158548561166,0.5641367071382379,5.344,0.3849194786423892,0.5641175254718249,5.262,0.3850353281957767,0.5642460606400169,5.186,0.3849408687679876,0.5641540735080021,5.309,0.38491158510160417,0.5641367121673867,5.305,0.38490412895184756,0.564125047366337,5.303
0.38362306090038834,0.560413425444316,5.374,0.38491164218221724,0.5641365979090596,5.244,0.3856850326083035,0.5668204657656978,5.215,0.3851747377061314,0.5643539627583375,5.282,0.3849115933022195,0.5641366047681405,5.437,0.3849132546829945,0.5641326539442492,5.467,0.3846693402585765,0.5639226468592194,5.269,0.370213306146507,0.555422576988507,5.479,0.38491158510160417,0.5641367121673867,5.326,0.3849055915315011,0.5641273355044827,5.254
0.3829653984452764,0.5585130607596094,5.367,0.3849116501759913,0.5641365819079129,5.399,0.3843499189291223,0.562187809884567,5.287,0.3850638976697848,0.5642624566778995,5.29,0.3849115946180882,0.5641365875348843,5.376,0.38491312161643254,0.5641329773868818,5.378,0.3845192007754493,0.5637899726015468,5.328,0.3610705245495326,0.5500021168795104,5.401,0.38491158510160417,0.5641367121673867,5.377,0.38490975566110736,0.5641338500924387,5.249
0.3831585701236571,0.5590712447228672,5.23,0.38491159809414915,0.564136686160195,5.214,0.3832988779705448,0.5585408462184845,5.4,0.3848217657757715,0.5640625601305828,5.449,0.38491158929216257,0.5641366572857964,5.27,0.38491157635584333,0.564136733425559,5.119,0.3847914303735781,0.5640305346382339,5.249,0.37278050961946146,0.5569445890664759,5.27,0.38491158510160417,0.5641367121673867,5.446,0.384913877825907,0.5641402990283978,5.269
0.3843606607967286,0.5625447753238065,5.333,0.384911547960007,0.5641367865137636,5.391,0.3826351532264378,0.5562378151079614,5.259,0.38487342149237075,0.5641052054807109,5.276,0.3849115817385564,0.5641367562114964,5.299,0.3849102633560183,0.5641399249119402,5.392,0.38509087598676633,0.5642951467416965,5.221,0.38678099393062787,0.5652450243235561,5.259,0.38491158510160417,0.5641367121673867,5.414,0.38491629565114477,0.5641440816040288,5.304
0.3854795418705003,0.5657778655853154,5.311,0.38491155102913005,0.5641367803702965,5.266,0.3822903363003903,0.5550413490801792,5.212,0.3849414288118223,0.5641613502046682,5.301,0.38491157783120555,0.5641368073840621,5.238,0.38491076278656555,0.5641387109545889,5.31,0.385264378383427,0.5644484661830712,5.303,0.3970087078370725,0.5713087057806806,5.407,0.38491158510160417,0.5641367121673867,5.147,0.38491810626403755,0.5641469142240623,5.393
0.38631096632391015,0.5681803285159271,5.276,0.3849115651136445,0.564136752177308,5.264,0.3828165148104626,0.556867114187092,5.442,0.38497571740808983,0.5641896578013776,5.132,0.38491157613167243,0.564136829641974,5.328,0.3849113884629086,0.5641371901337252,5.34,0.38507721439947734,0.5642830743613043,5.233,0.39902173268354096,0.5725021632381259,5.335,0.38491158510160417,0.5641367121673867,5.437,0.3849137707772198,0.5641401315556832,5.297
0.38647667091199084,0.5686591442744288,5.285,0.38491158563237665,0.5641367111049387,5.466,0.3848415790910461,0.5638938011991422,5.354,0.3849736208536371,0.5641879269513462,5.291,0.38491157882907695,0.5641367943154529,5.308,0.3849120949767341,0.5641354728225656,5.417,0.3849082530732313,0.5641337677427644,5.578,0.3938789127669956,0.5694531513034415,5.364,0.38491158510160417,0.5641367121673867,5.266,0.38490885605328823,0.5641324426976604,5.364
0.38624224572822674,0.5679817552324233,5.203,0.38491159810639314,0.5641366861356859,5.321,0.38512941001922224,0.5648925338636179,5.409,0.38492168480303846,0.5641450501662029,5.337,0.38491158401110365,0.5641367264491122,5.306,0.38491216615022295,0.5641352998223748,5.313,0.3848407305394429,0.5640740998801879,5.402,0.3806507566457984,0.5616106045019017,5.326,0.38491158510160417,0.5641367121673867,5.236,0.3849095873569951,0.5641335867884479,5.255
0.38504300141744346,0.564516449407477,5.401,0.384911582057715,0.5641367182603431,5.325,0.3831814518474705,0.5581333941579286,5.367,0.38491920296541915,0.5641430012383939,5.31,0.38491158379407964,0.5641367292913636,5.435,0.3849116597864621,0.5641365306321707,5.345,0.3850379848539066,0.5642484082579647,5.378,0.3712762914890042,0.5560527866882947,5.374,0.38491158510160417,0.5641367121673867,5.38,0.384911944849721,0.564137274976658,5.501
0.383914062147654,0.56125429523886,5.347,0.38491156326379344,0.564136755880157,5.25,0.381553388668776,0.5524842448927837,5.435,0.384953040380372,0.564170936353868,5.245,0.38491157885641,0.5641367939574861,5.325,0.3849111919815153,0.5641376677177119,5.286,0.38519792330606484,0.564389741603274,5.327,0.37379527787997785,0.557546212414651,5.307,0.38491158510160417,0.5641367121673867,5.252,0.38491371212301595,0.5641400397938974,5.367
0.38351323823857364,0.5600960846770715,5.321,0.38491154883432865,0.564136784763633,5.279,0.38195453437998655,0.5538761638486062,5.267,0.384966181980208,0.5641817856492246,5.432,0.3849115760517641,0.5641368306884924,5.177,0.3849108204386074,0.5641385708207496,5.272,0.3851852313211367,0.5643785260346331,5.241,0.3761807448385346,0.5589604787791089,5.419,0.38491158510160417,0.5641367121673867,5.365,0.3849118659402383,0.5641371515264261,5.232
0.38362416417506,0.5604166134387154,5.39,0.38491155846846553,0.5641367654789704,5.261,0.3852205922930899,0.5652089234743863,5.418,0.38495363595066445,0.5641714280381445,5.29,0.38491157749477967,0.5641368117900597,5.266,0.3849107455387926,0.5641387528784576,5.328,0.38510047926586305,0.5643036329033566,5.334,0.3793983509099854,0.5608680935648035,5.25,0.38491158510160417,0.5641367121673867,5.318,0.38491012817814013,0.5641344328780875,5.488
0.384737658204242,0.5636341374333441,5.349,0.3849115669441179,0.5641367485132476,5.359,0.3866398186151252,0.5701334383452581,5.206,0.3849239157076104,0.5641468919315067,5.239,0.38491158473420384,0.5641367169790404,5.373,0.384911484054555,0.5641369577807335,5.328,0.3849551971343088,0.5641752509577446,5.369,0.3842576913628251,0.5637490396752703,5.249,0.38491158510160417,0.5641367121673867,5.284,0.38491079994534705,0.5641354838267777,5.321
0.38575652140801997,0.5665782186044018,5.384,0.3849115867868629,0.5641367087940025,5.369,0.3866815604393776,0.5702782765793557,5.46,0.3848871559424847,0.564116544214785,5.215,0.38491158704177353,0.5641366867579852,5.236,0.38491217525711774,0.5641352776864003,5.263,0.3848374100779148,0.5640711656768775,5.312,0.3887488123749907,0.5664116803643114,5.391,0.38491158510160417,0.5641367121673867,5.374,0.3849120429765734,0.5641374284915749,5.376
0.3859931827993047,0.56726206933472,5.268,0.3849115902016641,0.5641367019585909,5.456,0.38580920487121767,0.5672513259786012,5.282,0.3848766520198032,0.5641078725035018,5.488,0.3849115880630898,0.5641366733823305,5.35,0.3849126909751936,0.5641340241392298,5.306,0.3851056737285698,0.5643082231115367,5.392,0.390258829752002,0.5673069209285934,5.315,0.38491158510160417,0.5641367121673867,5.296,0.38491280125287275,0.5641386147797346,5.265
0.3854193144277178,0.565603833900179,5.349,0.3849115632837128,0.5641367558402844,5.278,0.3848576697399034,0.563949633477863,5.4,0.3848836070571394,0.5641136143656205,5.345,0.3849115866957933,0.5641366912891107,5.269,0.3849129199910362,0.5641334674743095,5.263,0.38529221155810645,0.5644730616173457,5.281,0.3891761833363641,0.5666650548131372,5.274,0.38491158510160417,0.5641367121673867,5.379,0.3849122847888271,0.5641378067956492,5.413
0.38476683310125787,0.5637184404729019,5.293,0.38491155331090277,0.5641367758028697,5.33,0.3841505457617083,0.5614960131552228,5.405,0.38491699030977944,0.5641411745388399,5.398,0.38491158477821813,0.5641367164026074,5.369,0.38491207819273227,0.5641355136191539,5.258,0.385112418912361,0.5643141836505883,5.396,0.3876653270458499,0.5657693168841169,5.365,0.38491158510160417,0.5641367121673867,5.415,0.38491183266590795,0.564137099470277,5.147
0.38433799502281335,0.5624792808806234,5.396,0.3849115775076413,0.5641367273682307,5.165,0.38651956011715066,0.5697161583438733,5.376,0.384912802838785,0.5641377174932609,5.181,0.38491158350764665,0.5641367330426296,5.296,0.3849111568213809,0.5641377531808536,5.292,0.384797834651353,0.5640361939277295,5.258,0.3847950104692392,0.564067598830515,5.275,0.38491158510160417,0.5641367121673867,5.254,0.38491134065431415,0.5641363297409203,5.389
0.384546431549077,0.5630815737596456,5.229,0.38491160280687586,0.5641366767267244,5.301,0.3875345955973326,0.5732381880857189,5.279,0.3849083728366203,0.5641340602215045,5.516,0.38491158288069927,0.5641367412534376,5.312,0.3849105931212332,0.5641391233572314,5.322,0.38457530724439554,0.5638395523920393,5.376,0.382362757167224,0.5626255943531346,5.345,0.38491158510160417,0.5641367121673867,5.198,0.3849111016210657,0.5641359557844711,5.25
0.3850434052128354,0.5645176162043599,5.365,0.38491161583612354,0.5641366506460646,5.303,0.38677454351143825,0.5706009147054899,5.304,0.38490999693274275,0.5641354010246591,5.339,0.3849115839045838,0.564136727844148,5.322,0.3849109490951958,0.5641382580973647,5.212,0.38445987775876983,0.5637375504335942,5.315,0.3823715049759114,0.562630780646554,5.338,0.38491158510160417,0.5641367121673867,5.3,0.3849112087549021,0.5641361233903974,5.305
0.3854395972584555,0.5656624426514313,5.206,0.3849116026043822,0.5641366771320562,5.44,0.3848025418633117,0.5637583475329362,5.326,0.3849145383672864,0.5641391502915156,5.357,0.38491158491119803,0.5641367146610383,5.395,0.3849113486596785,0.5641372868827609,5.336,0.38470291202218687,0.5639523133315091,5.304,0.3841717946822585,0.5636981143058335,5.286,0.38491158510160417,0.5641367121673867,5.43,0.38491154965207935,0.5641366567082464,5.257
0.38571503544303054,0.5664583418162955,5.405,0.38491158930058533,0.5641367037622813,5.474,0.38382586304695243,0.560369409996653,5.381,0.38491557417392014,0.5641400054211987,5.408,0.3849115852400171,0.5641367103546634,5.343,0.3849119022061291,0.5641359413868021,5.327,0.3850714748532519,0.5642780024773535,5.334,0.3858388458542441,0.5646864551386053,5.062,0.38491158510160417,0.5641367121673867,5.415,0.38491183953014524,0.5641371102090581,5.24
0.38579548813191805,0.5666908158575961,5.284,0.38491159404036657,0.564136694274656,5.343,0.3847871145210445,0.5637048168343908,5.309,0.3849114927561662,0.5641366359298705,5.224,0.3849115844741399,0.5641367203849628,5.258,0.3849121861926163,0.5641352511056695,5.316,0.3850581349098106,0.5642662143250528,5.228,0.3869367050855093,0.5653373404414256,5.318,0.38491158510160417,0.5641367121673867,5.306,0.3849119843383771,0.5641373367548317,5.321
0.3858108975790452,0.566735342603655,5.197,0.3849116070448324,0.564136668243602,5.277,0.38567992464223916,0.5668027418449575,5.316,0.3849081129753778,0.5641338456881594,5.324,0.3849115843248108,0.5641367223406499,5.278,0.38491214446921684,0.5641353525220281,5.46,0.3849257147494713,0.5641491981604307,5.298,0.3870365453917892,0.565396532536492,5.433,0.38491158510160417,0.5641367121673867,5.273,0.38491195102929376,0.5641372846443132,5.271
0.3854010951962505,0.5655511880728341,5.234,0.3849116015316219,0.5641366792794016,5.33,0.3865628384309388,0.5698663279796298,5.251,0.384911143220413,0.5641363473640434,5.328,0.3849115842640153,0.5641367231368579,5.316,0.3849119805489859,0.5641357509601502,5.365,0.3849237252095352,0.5641474400570415,5.277,0.3864310677687094,0.5650375643966559,5.381,0.38491158510160417,0.5641367121673867,5.236,0.3849119188284573,0.5641372342675958,5.411
0.3849938603204823,0.5643744525449423,5.304,0.38491159306277206,0.564136696231508,5.373,0.38583881858189095,0.5673540813716826,5.27,0.3849141891854647,0.5641388620178834,5.264,0.38491158491004057,0.5641367146761969,5.203,0.38491171469272734,0.564136397172444,5.202,0.3850301478347534,0.5642414828931182,5.446,0.38482984977982565,0.5640882539332599,5.404,0.38491158510160417,0.5641367121673867,5.301,0.38491171662102813,0.5641369179234358,5.234
0.3846257968911002,0.5633109058311336,5.157,0.3849115838296479,0.564136714713463,5.351,0.3850593378014813,0.5646493931658008,5.162,0.38491464820988636,0.5641392409741437,5.429,0.3849115854816025,0.5641367071907444,5.27,0.3849114701099501,0.5641369916756479,5.483,0.3850110854353313,0.5642246379590601,5.373,0.3834922862471165,0.5632952556870043,5.341,0.38491158510160417,0.5641367121673867,5.348,0.38491151813818614,0.56413660740622,5.419
0.38442874618651923,0.5627415131325365,5.374,0.38491159170120737,0.5641366989569535,5.244,0.3843141632017549,0.5620637425611202,5.301,0.3849139337277396,0.5641386511199453,5.441,0.3849115856091967,0.5641367055197082,5.371,0.3849115786254775,0.564136727908798,5.429,0.3850233020130095,0.5642354334229914,5.071,0.3827506292232551,0.5628555511758817,5.349,0.38491158510160417,0.5641367121673867,5.217,0.38491146840390983,0.5641365295992475,5.301
0.38435824565428,0.5625377965896823,5.195,0.3849115943133044,0.5641366937283159,5.214,0.3844032090933961,0.5623727192273283,5.304,0.3849122218483457,0.5641372378456566,5.214,0.38491158537879633,0.5641367085371436,5.311,0.3849117276530174,0.5641363656700871,5.31,0.3849476714942568,0.5641686007503068,5.164,0.38215095132955756,0.5625000215083995,5.373,0.38491158510160417,0.5641367121673867,5.352,0.384911477297273,0.5641365435125024,5.397
0.3843436561298637,0.5624956390714114,5.28,0.3849115927189229,0.5641366969197911,5.268,0.38510518888722506,0.5648084899568374,5.245,0.38491037939735534,0.5641357167755262,5.503,0.384911585157314,0.5641367114377839,5.294,0.3849118113083791,0.5641361623304196,5.264,0.3848487936064312,0.5640812249974786,5.405,0.3841219989522921,0.5636685920247838,5.276,0.38491158510160417,0.5641367121673867,5.263,0.38491155445344444,0.5641366642197599,5.362
0.38456946585144913,0.5631481330932745,5.332,0.3849115898117491,0.5641367027390841,5.226,0.38552401220837357,0.5662617477221713,5.355,0.38491040616518735,0.5641357388742144,5.356,0.3849115849188233,0.5641367145611734,5.236,0.3849116663094621,0.5641365147768252,5.233,0.3848191101774132,0.5640549945427833,5.292,0.3863273114312364,0.564976050613092,5.32,0.38491158510160417,0.5641367121673867,5.265,0.38491162167461296,0.5641367693841655,5.367
0.38499348031794317,0.564373354499281,5.128,0.3849115832736289,0.5641367158264469,5.303,0.3856323006466037,0.5666374933070214,5.361,0.38491277157373516,0.5641376916818098,5.282,0.3849115848188532,0.5641367158704308,5.122,0.38491151585792066,0.5641368804768325,5.268,0.3848902660400218,0.564117873081153,5.362,0.38782489364471495,0.5658639187702829,5.329,0.38491158510160417,0.5641367121673867,5.41,0.3849115553827057,0.5641366656735461,5.377
0.38533510007193933,0.5653604902420107,5.257,0.38491157853915425,0.5641367253034502,5.237,0.385132789799543,0.564904261223935,5.254,0.3849141361305883,0.5641388182174307,5.253,0.3849115847698458,0.5641367165122548,5.309,0.3849114515378802,0.5641370368184627,5.34,0.38498945343598634,0.5642055223380704,5.545,0.3868284023312767,0.5652731312341088,5.484,0.38491158510160417,0.5641367121673867,5.397,0.38491151092445647,0.5641365961206738,5.27
0.38521019721177396,0.5649995741175885,5.216,0.3849115791103922,0.5641367241600026,5.296,0.3844904560381211,0.5626754538018395,5.343,0.38491402677074743,0.5641387279333535,5.336,0.384911584939713,0.5641367142875923,5.504,0.3849114233120341,0.5641371054265476,5.246,0.38499897577965203,0.5642139369792483,5.168,0.3852288633805033,0.5643248162182144,5.31,0.38491158510160417,0.5641367121673867,5.268,0.3849114904009458,0.5641365640125917,5.209
0.3850170491935144,0.5644414585220145,5.389,0.3849115796546764,0.5641367230705083,5.484,0.3848466208054317,0.563911295235915,5.263,0.3849132812977786,0.564138112494098,5.414,0.38491158510353074,0.5641367121421555,5.483,0.38491141661661865,0.5641371217009802,5.178,0.38494259461617225,0.5641641144485215,5.292,0.38378241097100246,0.5634672612714949,5.38,0.38491158510160417,0.5641367121673867,5.302,0.38491148457297536,0.5641365548950018,5.36
0.38477295227713093,0.5637361222876965,5.296,0.3849115816093455,0.5641367191578449,5.286,0.38545451698056293,0.5660206090979121,5.447,0.3849119896716649,0.5641370461678232,5.342,0.38491158511185286,0.5641367120331646,5.269,0.3849115477725005,0.5641368029026052,5.27,0.3849236332984481,0.5641473588376646,5.394,0.3826736042853787,0.5628098855763344,5.343,0.38491158510160417,0.5641367121673867,5.284,0.38491154162706276,0.5641366441534797,5.254
0.3845980719218945,0.5632307924660577,5.322,0.38491158433184164,0.5641367137082214,5.269,0.3857363330815221,0.5669984711615429,5.315,0.3849120395467799,0.5641370873431641,5.382,0.38491158511278944,0.5641367120208981,5.267,0.38491167947011434,0.5641364827874514,5.422,0.38495156281837944,0.5641720394096693,5.282,0.38214195091098546,0.562494685450733,5.265,0.38491158510160417,0.5641367121673867,5.247,0.38491162177832433,0.5641367695464171,5.467
0.3844678308368962,0.5628544511430813,5.095,0.38491158715980933,0.5641367080474751,5.363,0.3854131069741576,0.5658769222248743,5.2,0.3849125833934947,0.5641375363260667,5.561,0.3849115851124367,0.5641367120255172,5.465,0.38491161658233997,0.5641366356476967,5.282,0.38497400907108104,0.5641918745646377,5.39,0.3838953547824721,0.563534222011849,5.401,0.38491158510160417,0.5641367121673867,5.307,0.3849116105743695,0.5641367520183486,5.342
0.38463579387961927,0.5633397928746122,5.305,0.3849115854426809,0.5641367114846532,5.295,0.3848106482387802,0.5637864755107813,5.22,0.3849136333496295,0.5641384031371369,5.353,0.3849115851056122,0.5641367121148956,5.229,0.3849115384293506,0.5641368256128408,5.31,0.3849636911889257,0.5641827569273099,5.295,0.3860679083297063,0.5648222588869001,5.342,0.38491158510160417,0.5641367121673867,5.317,0.3849115530595228,0.5641366620390341,5.338
0.38501084050358547,0.5644235180496832,5.259,0.3849115838997095,0.5641367145732208,5.323,0.3843863587086797,0.5623142507724895,5.267,0.3849140187418068,0.5641387213049103,5.395,0.38491158509619716,0.5641367122381999,5.183,0.38491150197996227,0.5641369142097501,5.204,0.38494475557120894,0.5641660240268642,5.419,0.3868717464345247,0.565298828553915,5.206,0.38491158510160417,0.5641367121673867,5.315,0.3849115228826177,0.5641366148286635,5.436
0.38523678950238366,0.5650764145234338,5.447,0.38491158405558934,0.5641367142611958,5.317,0.38444476471391653,0.5625169113607773,5.362,0.3849125697942858,0.5641375250989834,5.227,0.3849115850887257,0.5641367123360506,5.337,0.384911523814926,0.5641368611358747,5.31,0.3849646253013966,0.5641835823775918,5.352,0.38609145388429034,0.5648362182862376,5.39,0.38491158510160417,0.5641367121673867,5.263,0.38491155640480473,0.5641366672725727,5.241
0.38525596526594486,0.5651318243215617,5.264,0.38491158582364843,0.5641367107220701,5.259,0.38490177707040146,0.5641026796845038,5.407,0.3849109989741209,0.5641362282787992,5.329,0.3849115850929211,0.5641367122811051,5.21,0.38491159146801646,0.5641366966926566,5.371,0.38496880682304413,0.5641872774767688,5.369,0.3852625229474853,0.5643447718890546,5.298,0.38491158510160417,0.5641367121673867,5.228,0.38491158706971174,0.5641367152463997,5.311
0.3852522937092284,0.5651212150847601,5.299,0.38491158662994124,0.5641367091081126,5.386,0.38529604839268944,0.5654707454817764,5.312,0.3849109736066258,0.5641362073361856,5.371,0.38491158510186746,0.5641367121639389,5.327,0.38491164549416557,0.5641365653722135,5.394,0.3849702734891037,0.564188573530456,5.335,0.3844136407935077,0.5638414970591716,5.364,0.38491158510160417,0.5641367121673867,5.377,0.38491161204317825,0.5641367543162317,5.243
0.384930891473198,0.5641924993671599,5.459,0.3849115860241901,0.5641367103206453,5.303,0.38551089327506666,0.5662162268766536,5.315,0.38491234342945163,0.5641373382192294,5.264,0.38491158510625495,0.5641367121064772,5.169,0.3849115803032633,0.5641367238306323,5.185,0.3849482229438931,0.5641690880516455,5.457,0.38413235209928004,0.5636747300714664,5.28,0.38491158510160417,0.5641367121673867,5.167,0.3849116067831983,0.5641367460872367,5.242
0.38495222968789056,0.5642541577290161,5.396,0.38491158509044526,0.5641367121897234,5.31,0.3845105523600828,0.5627451852004288,5.099,0.3849129936065692,0.5641378749851994,5.322,0.38491158510787316,0.5641367120852838,5.386,0.38491152907380594,0.5641368483532041,5.359,0.3849263546632842,0.5641497636352033,5.156,0.3844329642577666,0.5638529533174306,5.217,0.38491158510160417,0.5641367121673867,5.308,0.3849116011083924,0.5641367372092658,5.301
0.38494616057166997,0.5642366205653188,5.336,0.38491158430776473,0.564136713756416,5.232,0.38398117547150323,0.5609083221718686,5.302,0.384912864695875,0.5641377685605468,5.339,0.38491158510785695,0.5641367120854964,5.288,0.38491153225399904,0.5641368406231629,5.302,0.3848994515611112,0.5641259900812018,5.264,0.3846941478329859,0.5640078006290047,5.275,0.38491158510160417,0.5641367121673867,5.221,0.38491158757709565,0.5641367160401787,5.399
0.38491905460266296,0.5641582958474558,5.29,0.3849115838709126,0.5641367146308636,5.303,0.38435368511582396,0.5622008780204454,5.345,0.3849117761476427,0.5641368698890434,5.308,0.3849115851031303,0.5641367121473997,5.165,0.3849115798978702,0.5641367248160146,5.23,0.38487750165128265,0.5641065935311949,5.414,0.384916489449995,0.5641396197972506,5.134,0.38491158510160417,0.5641367121673867,5.351,0.38491158096917594,0.564136705702394,5.35
0.3848921504409104,0.5640805542666967,5.455,0.38491158366400086,0.5641367150450391,5.257,0.3852710924508621,0.5653841518886776,5.261,0.38491101432223557,0.5641362409497245,5.269,0.3849115850984627,0.5641367122085292,5.349,0.38491162542860136,0.5641366141452397,5.447,0.3848832216149047,0.5641116481105212,5.362,0.3851035615543855,0.5642505288098525,5.51,0.38491158510160417,0.5641367121673867,5.297,0.3849115816352499,0.5641367067444358,5.346
0.3849045863605126,0.5641164887833325,5.288,0.38491158448078205,0.5641367134100871,5.334,0.38531513391728023,0.5655369695562643,5.327,0.3849107260842985,0.5641360029894646,5.302,0.38491158509918555,0.5641367121990624,5.471,0.3849116134966378,0.5641366431480608,5.157,0.38491644589605256,0.5641410075218245,5.255,0.3851759942912589,0.564293471841647,5.324,0.38491158510160417,0.5641367121673867,5.31,0.384911593221424,0.5641367248704688,5.093
0.38491729616549686,0.5641532147121945,5.342,0.3849115854022899,0.5641367115655036,5.355,0.3846398993323099,0.5631940009237174,5.38,0.38491120886475605,0.5641364015579677,5.255,0.3849115851016331,0.5641367121670078,5.329,0.38491160065179725,0.5641366743697963,5.384,0.3849427160730658,0.5641642217767397,5.334,0.38519377113926806,0.5643040111610518,5.35,0.38491158510160417,0.5641367121673867,5.184,0.3849116028950875,0.5641367400044676,5.384
0.38492455930592795,0.5641742020978481,5.223,0.38491158449831625,0.5641367133749889,5.278,0.38407711245534876,0.5612412099546548,5.331,0.38491166014648204,0.5641367741220995,5.318,0.384911585104655,0.5641367121274314,5.182,0.38491158224661737,0.5641367191069544,5.321,0.3849438326016202,0.5641652084232504,5.447,0.3850930166666095,0.5642442770862459,5.265,0.38491158510160417,0.5641367121673867,5.35,0.38491158613956844,0.5641367137912338,5.477
0.38492515899351315,0.5641759349398248,5.328,0.38491158405895054,0.5641367142544679,5.302,0.38446245253428135,0.5625782855990279,5.276,0.38491159886274234,0.5641367235281536,5.414,0.3849115851068231,0.564136712099037,5.35,0.38491156865865994,0.5641367521349718,5.222,0.38492369172596597,0.5641474104685043,5.408,0.3849925551990061,0.56418471672468,5.347,0.38491158510160417,0.5641367121673867,5.341,0.38491157257309283,0.5641366925671107,5.238
0.3849213281964583,0.5641648655661957,5.272,0.3849115844885735,0.5641367133944911,5.156,0.3849475516549546,0.5642615110272149,5.391,0.3849114163903283,0.564136572884614,5.276,0.3849115851037669,0.5641367121390625,5.373,0.38491156297155604,0.5641367659585188,5.306,0.3849005276108237,0.5641269409576393,5.324,0.3848537128307928,0.5641024015659553,5.289,0.38491158510160417,0.5641367121673867,5.206,0.38491157077263327,0.5641366897503752,5.21
0.38490880784440684,0.5641286870757044,5.212,0.3849115852554655,0.5641367118594024,5.28,0.3850980610479087,0.5647837573612213,5.386,0.3849113942019622,0.5641365545665904,5.248,0.3849115851012709,0.5641367121717515,5.338,0.38491158011607085,0.5641367242856379,5.263,0.3848975627194355,0.5641243209621801,5.266,0.38476788744040913,0.5640515184621666,5.231,0.38491158510160417,0.5641367121673867,5.387,0.3849115792558087,0.5641367030219104,5.205
0.38489862259518737,0.5640992560388995,5.228,0.384911585881841,0.5641367106055857,5.22,0.3847793562847231,0.5636778968502109,5.211,0.3849114819663313,0.564136627022119,5.302,0.38491158510059964,0.5641367121805426,5.304,0.3849115954904067,0.5641366869155009,5.262,0.3848968709551903,0.564123709668563,5.379,0.38474985445461174,0.5640408272869345,5.508,0.38491158510160417,0.5641367121673867,5.365,0.38491158824044414,0.5641367170779565,5.397
0.3848991098013901,0.5641006638575377,5.37,0.38491158586473334,0.5641367106398301,5.335,0.38459028617808577,0.5630218502864484,5.33,0.3849115197183564,0.5641366581890146,5.209,0.38491158510047,0.5641367121822405,5.353,0.38491160393059637,0.5641366664000753,5.433,0.3849062940181696,0.5641320365780457,5.403,0.38482322987785006,0.5640843292070477,5.372,0.38491158510160417,0.5641367121673867,5.263,0.3849115933221207,0.5641367250280043,5.367
0.3849053564998875,0.5641187141584607,5.32,0.3849115856040715,0.5641367111615971,5.217,0.38485603321039935,0.5639439549516447,5.189,0.3849115532638823,0.5641366858831556,5.331,0.38491158510106194,0.5641367121744882,5.48,0.3849115992784209,0.5641366777080392,5.336,0.3849073450931391,0.5641329653849687,5.25,0.38496209303794615,0.5641666566926086,5.232,0.38491158510160417,0.5641367121673867,5.208,0.38491158697509587,0.5641367150983777,5.382
0.3849159177808977,0.5641492317671534,5.304,0.38491158524571273,0.5641367118789243,5.454,0.38512164775713237,0.5648655999105903,5.284,0.38491157206769594,0.5641367014069982,5.192,0.3849115851019204,0.5641367121632447,5.306,0.3849115813191002,0.5641367213614548,5.277,0.3849101650279522,0.5641354572861678,5.281,0.38503664072740956,0.5642108536115299,5.346,0.38491158510160417,0.5641367121673867,5.343,0.38491157676983245,0.5641366991327156,5.326
0.38492070717229326,0.5641630710705811,5.248,0.3849115852267919,0.5641367119167982,5.435,0.3852335972280491,0.5652540487617398,5.326,0.38491159215457654,0.564136717990101,5.329,0.3849115851012104,0.5641367121725438,5.46,0.38491156756661077,0.5641367547893972,5.369,0.38491089606397894,0.564136103283211,5.204,0.3850949343687764,0.5642454140299635,5.398,0.38491158510160417,0.5641367121673867,5.274,0.38491157229256245,0.564136692128234,5.212
0.38492338593039654,0.5641708115417889,5.358,0.3849115854583443,0.5641367114532995,5.308,0.38488895630332,0.5640581934336723,5.35,0.3849115893815805,0.5641367157008018,5.225,0.3849115851005956,0.5641367121805957,5.388,0.3849115677794861,0.5641367542719647,5.32,0.38491206562192554,0.5641371367903814,5.279,0.3850220645769787,0.5642022118824112,5.369,0.38491158510160417,0.5641367121673867,5.298,0.3849115707813304,0.5641366897639816,5.254
0.3849212280924319,0.5641645763081498,5.227,0.38491158563602085,0.5641367110976442,5.199,0.38459598007017753,0.563041607287741,5.313,0.3849115841086573,0.5641367113476407,5.244,0.38491158510026735,0.5641367121848946,5.458,0.38491157148377997,0.5641367452680006,5.354,0.3849122985301624,0.5641373426051796,5.304,0.3849151880207851,0.5641388482218784,5.415,0.38491158510160417,0.5641367121673867,5.228,0.38491158188431884,0.5641367071340927,5.332
0.384916592094586,0.5641511802468174,5.06,0.3849115853585106,0.5641367116531368,5.327,0.38480734432413244,0.5637750113936336,5.359,0.38491158028915307,0.5641367081943769,5.261,0.3849115851014513,0.5641367121693892,5.409,0.3849115767846873,0.5641367323831753,5.465,0.3849109259134914,0.5641361296604291,5.441,0.38482207762294224,0.564083646072304,5.275,0.38491158510160417,0.5641367121673867,5.298,0.38491158479967347,0.5641367116950301,5.354
0.38490901565301333,0.5641292875541627,5.396,0.38491158510172047,0.564136712167154,5.29,0.38505171715666225,0.5646229506046992,5.283,0.38491157729524794,0.564136705722702,5.27,0.3849115851017664,0.5641367121652625,5.344,0.3849115858379066,0.5641367103776689,5.505,0.3849102614041587,0.5641355424512514,5.321,0.3848117962378062,0.5640775505709071,5.371,0.38491158510160417,0.5641367121673867,5.187,0.3849115779431542,0.5641367009683234,5.31
0.38490455260599266,0.5641163912471312,5.38,0.38491158488339333,0.5641367126041796,5.255,0.38503435397077457,0.5645627028022298,5.249,0.3849115784236837,0.5641367066543035,5.258,0.384911585101281,0.5641367121716188,5.354,0.3849115886495918,0.5641367035433534,5.569,0.38491023512298905,0.5641355192272826,5.254,0.38483249543605874,0.564089822457447,5.298,0.38491158510160417,0.5641367121673867,5.367,0.384911574873202,0.5641366961655253,5.357
0.38490581595545625,0.5641200417895734,5.103,0.38491158488378185,0.5641367126034018,5.237,0.38501402840145255,0.5644921759476816,5.326,0.3849115807729144,0.5641367085937552,5.205,0.38491158510084045,0.5641367121773885,5.257,0.38491157812256255,0.5641367291312245,5.367,0.3849113906257421,0.5641365403142532,5.324,0.3849045420473132,0.5641325365678249,5.18,0.38491158510160417,0.5641367121673867,5.227,0.3849115820499154,0.5641367073931609,5.372
0.3849118564033267,0.564137496113936,5.376,0.38491158505202844,0.5641367122666224,5.244,0.3849787607213383,0.5643698020792667,5.301,0.38491158423992317,0.5641367114560097,5.356,0.3849115851005248,0.5641367121815223,5.26,0.38491157130679005,0.5641367456982069,5.279,0.384912196052918,0.5641372520487713,5.358,0.38496889016453717,0.564170686489575,5.247,0.38491158510160417,0.5641367121673867,5.265,0.3849115861294598,0.5641367137754192,5.398
0.3849167443588648,0.5641516202258005,5.276,0.3849115851976247,0.5641367119751822,5.369,0.3849676753046289,0.5643313372491068,5.32,0.3849115839824452,0.5641367112434439,5.302,0.3849115851009575,0.5641367121758554,5.286,0.3849115709479666,0.5641367465703931,5.426,0.38491172825509756,0.5641368386683115,5.474,0.3850046394720005,0.5641918811000963,5.277,0.38491158510160417,0.5641367121673867,5.427,0.38491158214875787,0.5641367075477954,5.244
